{
    "target_overrides": {
        "*": {
            "platform.stdio-baud-rate": 115200,
            "platform.stdio-convert-newlines": true,
            "target.printf_lib": "std"
        },
        "FRDM_K66F": {
            "target.network-default-interface-type": "ETHERNET",
            "lwip.ipv4-enabled": true,
            "lwip.ethernet-enabled": true,
            "lwip.tcp-enabled": true,
            "lwip.mem-size": 16360,
            "lwip.socket-max": 8,
            "lwip.tcp-maxrtx": 6
        }
    }
}
